Object_Label,Origin,Section,tissue_area_px
WT_control_cerebellum_4x_01.tif,control,cerebellum,18647800
WT_control_cerebellum_4x_02.tif,control,cerebellum,84122850
WT_control_cerebellum_4x_03.tif,control,cerebellum,62192675
WT_control_cerebellum_4x_04.tif,control,cerebellum,60934200
WT_control_cerebellum_4x_05.tif,control,cerebellum,14249400
WT_control_cerebellum_4x_06.tif,control,cerebellum,37832975
WT_control_cerebellum_4x_07.tif,control,cerebellum,78917800
WT_control_cerebellum_4x_08.tif,control,cerebellum,74841900
WT_control_cerebellum_4x_09.tif,control,cerebellum,73620250
WT_control_cerebellum_4x_10.tif,control,cerebellum,62300875
WT_control_cerebellum_4x_11.tif,control,cerebellum,53281600
WT_control_cerebellum_4x_12.tif,control,cerebellum,63494475
WT_control_cerebellum_4x_13.tif,control,cerebellum,79532300
WT_control_cerebellum_4x_14.tif,control,cerebellum,39677900
WT_control_cerebellum_4x_15.tif,control,cerebellum,38152700
WT_control_cerebellum_4x_16.tif,control,cerebellum,38696325
WT_control_cerebellum_4x_17.tif,control,cerebellum,37740150
WT_control_cerebellum_4x_18.tif,control,cerebellum,67053450
WT_control_cerebellum_4x_19.tif,control,cerebellum,16623125
WT_control_cerebellum_4x_20.tif,control,cerebellum,21016750
WT_control_cerebellum_4x_21.tif,control,cerebellum,19389525
WT_control_cerebellum_4x_22.tif,control,cerebellum,16169075
WT_control_cerebellum_4x_23.tif,control,cerebellum,23296875
WT_control_cerebellum_4x_24.tif,control,cerebellum,37458000
WT_control_cerebellum_4x_25.tif,control,cerebellum,37754000
WT_control_cerebellum_4x_26.tif,control,cerebellum,51403825
WT_control_cerebellum_4x_27.tif,control,cerebellum,42949025
WT_control_cerebellum_4x_28.tif,control,cerebellum,46873650
WT_control_cerebellum_4x_29.tif,control,cerebellum,41645500
WT_control_cerebellum_4x_30.tif,control,cerebellum,38331700
WT_control_cerebellum_4x_31.tif,control,cerebellum,23365875
WT_control_cerebellum_4x_32.tif,control,cerebellum,18321375
WT_control_cerebellum_4x_33.tif,control,cerebellum,76652525
WT_control_cerebellum_4x_34.tif,control,cerebellum,30760825
WT_control_cerebellum_4x_35.tif,control,cerebellum,32497850
WT_control_cerebellum_4x_36.tif,control,cerebellum,20094400
WT_control_cerebellum_4x_37.tif,control,cerebellum,13949800
WT_control_cerebellum_4x_38.tif,control,cerebellum,35938100
WT_control_cerebellum_4x_39.tif,control,cerebellum,9257625
WT_control_cerebellum_4x_40.tif,control,cerebellum,37163250
WT_control_cerebellum_4x_41.tif,control,cerebellum,34429425
WT_control_cerebellum_4x_42.tif,control,cerebellum,98356000
WT_control_cerebellum_4x_43.tif,control,cerebellum,46339925
WT_control_cerebellum_4x_44.tif,control,cerebellum,198800
WT_control_cerebellum_4x_45.tif,control,cerebellum,79683700
WT_control_cerebellum_4x_46.tif,control,cerebellum,68554900
WT_control_hippocampus_4x_01.tif,control,hippocampus,23469950
WT_control_hippocampus_4x_02.tif,control,hippocampus,67712925
WT_control_hippocampus_4x_03.tif,control,hippocampus,22965275
WT_control_hippocampus_4x_04.tif,control,hippocampus,16655525
WT_control_hippocampus_4x_05.tif,control,hippocampus,22817350
WT_control_hippocampus_4x_06.tif,control,hippocampus,117045000
WT_control_hippocampus_4x_07.tif,control,hippocampus,118240675
WT_control_hippocampus_4x_08.tif,control,hippocampus,86639400
WT_control_hippocampus_4x_09.tif,control,hippocampus,66469950
WT_control_hippocampus_4x_10.tif,control,hippocampus,81465150
WT_control_hippocampus_4x_11.tif,control,hippocampus,84237100
WT_control_hippocampus_4x_12.tif,control,hippocampus,48729750
WT_control_hippocampus_4x_13.tif,control,hippocampus,67313325
WT_control_hippocampus_4x_14.tif,control,hippocampus,61615225
WT_control_hippocampus_4x_15.tif,control,hippocampus,54663600
WT_control_hippocampus_4x_16.tif,control,hippocampus,87265725
WT_control_hippocampus_4x_17.tif,control,hippocampus,89322775
WT_control_hippocampus_4x_18.tif,control,hippocampus,73552400
WT_control_hippocampus_4x_19.tif,control,hippocampus,92775725
WT_control_hippocampus_4x_20.tif,control,hippocampus,60757700
WT_control_hippocampus_4x_21.tif,control,hippocampus,84960675
WT_control_hippocampus_4x_22.tif,control,hippocampus,16814225
WT_control_hippocampus_4x_23.tif,control,hippocampus,49361125
WT_control_hippocampus_4x_24.tif,control,hippocampus,59600875
WT_control_hippocampus_4x_25.tif,control,hippocampus,46394075
WT_control_hippocampus_4x_26.tif,control,hippocampus,43444475
WT_control_hippocampus_4x_27.tif,control,hippocampus,11174850
WT_control_hippocampus_4x_28.tif,control,hippocampus,9808100
WT_control_hippocampus_4x_29.tif,control,hippocampus,44584350
WT_control_hippocampus_4x_30.tif,control,hippocampus,46016875
WT_control_hippocampus_4x_31.tif,control,hippocampus,412775
WT_control_hippocampus_4x_32.tif,control,hippocampus,42807675
WT_control_hippocampus_4x_33.tif,control,hippocampus,88498675
WT_control_midbrain_4x_01.tif,control,midbrain,96473750
WT_control_midbrain_4x_02.tif,control,midbrain,73655250
WT_control_midbrain_4x_03.tif,control,midbrain,98504350
WT_control_midbrain_4x_04.tif,control,midbrain,13627775
WT_control_midbrain_4x_05.tif,control,midbrain,50477450
WT_control_midbrain_4x_06.tif,control,midbrain,139456450
WT_control_midbrain_4x_07.tif,control,midbrain,124577850
WT_control_midbrain_4x_08.tif,control,midbrain,138054000
WT_control_midbrain_4x_09.tif,control,midbrain,87131250
WT_control_midbrain_4x_10.tif,control,midbrain,79385850
WT_control_midbrain_4x_11.tif,control,midbrain,127264200
WT_control_midbrain_4x_12.tif,control,midbrain,93354175
WT_control_midbrain_4x_13.tif,control,midbrain,86263500
WT_control_midbrain_4x_14.tif,control,midbrain,88100075
WT_control_midbrain_4x_15.tif,control,midbrain,76040825
WT_control_midbrain_4x_16.tif,control,midbrain,76868500
WT_control_midbrain_4x_17.tif,control,midbrain,67681050
WT_control_midbrain_4x_18.tif,control,midbrain,81859600
WT_control_midbrain_4x_19.tif,control,midbrain,148670050
WT_control_midbrain_4x_20.tif,control,midbrain,36714600
WT_control_midbrain_4x_21.tif,control,midbrain,41554750
WT_control_midbrain_4x_22.tif,control,midbrain,56820750
WT_control_midbrain_4x_23.tif,control,midbrain,40738125
WT_control_midbrain_4x_24.tif,control,midbrain,10374425
WT_control_midbrain_4x_25.tif,control,midbrain,9675900
WT_control_midbrain_4x_26.tif,control,midbrain,46547700
WT_control_midbrain_4x_27.tif,control,midbrain,75823300
WT_control_midbrain_4x_28.tif,control,midbrain,502425
WT_control_midbrain_4x_29.tif,control,midbrain,65091100
WT_control_midbrain_4x_30.tif,control,midbrain,88290675
WT_control_septum_4x_01.tif,control,septum,16904225
WT_control_septum_4x_02.tif,control,septum,46320975
WT_control_septum_4x_03.tif,control,septum,61732000
WT_control_septum_4x_04.tif,control,septum,63826025
WT_control_septum_4x_05.tif,control,septum,60732400
WT_control_septum_4x_06.tif,control,septum,45832350
WT_control_septum_4x_07.tif,control,septum,80902825
WT_control_septum_4x_08.tif,control,septum,81782100
WT_control_septum_4x_09.tif,control,septum,79964600
WT_control_septum_4x_10.tif,control,septum,50251950
WT_control_septum_4x_11.tif,control,septum,41379650
WT_control_septum_4x_12.tif,control,septum,64531150
WT_control_septum_4x_13.tif,control,septum,23152850
WT_control_septum_4x_14.tif,control,septum,24953600
WT_control_septum_4x_15.tif,control,septum,16827075
WT_control_septum_4x_16.tif,control,septum,15300450
WT_control_septum_4x_17.tif,control,septum,17659500
WT_control_septum_4x_18.tif,control,septum,66288425
WT_control_septum_4x_19.tif,control,septum,19194325
WT_control_septum_4x_20.tif,control,septum,74216000
WT_control_septum_4x_21.tif,control,septum,26571600
WT_control_septum_4x_22.tif,control,septum,14977250
WT_control_septum_4x_23.tif,control,septum,58168000
WT_control_septum_4x_24.tif,control,septum,82355125
WT_control_septum_4x_25.tif,control,septum,39656850
WT_control_septum_4x_26.tif,control,septum,38553300
WT_control_septum_4x_27.tif,control,septum,40107950
WT_control_septum_4x_28.tif,control,septum,37299850
WT_control_septum_4x_29.tif,control,septum,41208425
WT_control_septum_4x_30.tif,control,septum,38911650
WT_control_septum_4x_31.tif,control,septum,50212200
WT_control_septum_4x_32.tif,control,septum,357050
WT_control_septum_4x_33.tif,control,septum,40550400
WT_control_septum_4x_34.tif,control,septum,55564700
GtElk_treatment_cerebellum_4x_01.tif,Elk,cerebellum,35785250
GtElk_treatment_cerebellum_4x_02.tif,Elk,cerebellum,36764150
GtElk_treatment_cerebellum_4x_03.tif,Elk,cerebellum,107429050
GtElk_treatment_cerebellum_4x_04.tif,Elk,cerebellum,27786150
GtElk_treatment_cerebellum_4x_05.tif,Elk,cerebellum,31492125
GtElk_treatment_cerebellum_4x_06.tif,Elk,cerebellum,35571650
GtElk_treatment_cerebellum_4x_07.tif,Elk,cerebellum,66489975
GtElk_treatment_cerebellum_4x_08.tif,Elk,cerebellum,63442975
GtElk_treatment_cerebellum_4x_09.tif,Elk,cerebellum,45899700
GtElk_treatment_cerebellum_4x_10.tif,Elk,cerebellum,83361525
GtElk_treatment_cerebellum_4x_11.tif,Elk,cerebellum,60594200
GtElk_treatment_cerebellum_4x_12.tif,Elk,cerebellum,74560175
GtElk_treatment_cerebellum_4x_13.tif,Elk,cerebellum,51194000
GtElk_treatment_cerebellum_4x_14.tif,Elk,cerebellum,25397650
GtElk_treatment_cerebellum_4x_15.tif,Elk,cerebellum,25513175
GtElk_treatment_cerebellum_4x_16.tif,Elk,cerebellum,27659250
GtElk_treatment_cerebellum_4x_17.tif,Elk,cerebellum,23539950
GtElk_treatment_cerebellum_4x_18.tif,Elk,cerebellum,39241825
GtElk_treatment_cerebellum_4x_19.tif,Elk,cerebellum,42258625
GtElk_treatment_cerebellum_4x_20.tif,Elk,cerebellum,48852000
GtElk_treatment_cerebellum_4x_21.tif,Elk,cerebellum,113655500
GtElk_treatment_cerebellum_4x_22.tif,Elk,cerebellum,129908025
GtElk_treatment_cerebellum_4x_23.tif,Elk,cerebellum,35887775
GtElk_treatment_cerebellum_4x_24.tif,Elk,cerebellum,23357075
GtElk_treatment_cerebellum_4x_25.tif,Elk,cerebellum,43963550
GtElk_treatment_cerebellum_4x_26.tif,Elk,cerebellum,46138400
GtElk_treatment_cerebellum_4x_27.tif,Elk,cerebellum,42568350
GtElk_treatment_cerebellum_4x_28.tif,Elk,cerebellum,24799225
GtElk_treatment_cerebellum_4x_29.tif,Elk,cerebellum,45224825
GtElk_treatment_cerebellum_4x_30.tif,Elk,cerebellum,44352925
GtElk_treatment_cerebellum_4x_31.tif,Elk,cerebellum,24943525
GtElk_treatment_cerebellum_4x_32.tif,Elk,cerebellum,61811750
GtElk_treatment_cerebellum_4x_33.tif,Elk,cerebellum,60414375
GtElk_treatment_cerebellum_4x_34.tif,Elk,cerebellum,31053950
GtElk_treatment_cerebellum_4x_35.tif,Elk,cerebellum,25469875
GtElk_treatment_cerebellum_4x_36.tif,Elk,cerebellum,30873725
GtElk_treatment_cerebellum_4x_37.tif,Elk,cerebellum,24861475
GtElk_treatment_cerebellum_4x_38.tif,Elk,cerebellum,38177350
GtElk_treatment_cerebellum_4x_39.tif,Elk,cerebellum,33192050
GtElk_treatment_cerebellum_4x_40.tif,Elk,cerebellum,22740750
GtElk_treatment_cerebellum_4x_41.tif,Elk,cerebellum,20652550
GtElk_treatment_cerebellum_4x_42.tif,Elk,cerebellum,20482300
GtElk_treatment_cerebellum_4x_43.tif,Elk,cerebellum,29906650
GtElk_treatment_cerebellum_4x_44.tif,Elk,cerebellum,22823775
GtElk_treatment_cerebellum_4x_45.tif,Elk,cerebellum,10243300
GtElk_treatment_cerebellum_4x_46.tif,Elk,cerebellum,130093800
GtElk_treatment_cerebellum_4x_47.tif,Elk,cerebellum,42973575
GtElk_treatment_cerebellum_4x_48.tif,Elk,cerebellum,102593025
GtElk_treatment_cerebellum_4x_49.tif,Elk,cerebellum,41045500
GtElk_treatment_cerebellum_4x_50.tif,Elk,cerebellum,47670175
GtElk_treatment_cerebellum_4x_51.tif,Elk,cerebellum,58094450
GtElk_treatment_cerebellum_4x_52.tif,Elk,cerebellum,53445300
GtElk_treatment_cerebellum_4x_53.tif,Elk,cerebellum,52697025
GtElk_treatment_cerebellum_4x_54.tif,Elk,cerebellum,40248950
GtElk_treatment_hippocampus_4x_01.tif,Elk,hippocampus,52176275
GtElk_treatment_hippocampus_4x_02.tif,Elk,hippocampus,64118800
GtElk_treatment_hippocampus_4x_03.tif,Elk,hippocampus,68176175
GtElk_treatment_hippocampus_4x_04.tif,Elk,hippocampus,86729625
GtElk_treatment_hippocampus_4x_05.tif,Elk,hippocampus,49018075
GtElk_treatment_hippocampus_4x_06.tif,Elk,hippocampus,65688700
GtElk_treatment_hippocampus_4x_07.tif,Elk,hippocampus,61943950
GtElk_treatment_hippocampus_4x_08.tif,Elk,hippocampus,74455400
GtElk_treatment_hippocampus_4x_09.tif,Elk,hippocampus,67314375
GtElk_treatment_hippocampus_4x_10.tif,Elk,hippocampus,68747675
GtElk_treatment_hippocampus_4x_11.tif,Elk,hippocampus,89540075
GtElk_treatment_hippocampus_4x_12.tif,Elk,hippocampus,42645625
GtElk_treatment_hippocampus_4x_13.tif,Elk,hippocampus,45412475
GtElk_treatment_hippocampus_4x_14.tif,Elk,hippocampus,24242400
GtElk_treatment_hippocampus_4x_15.tif,Elk,hippocampus,32986800
GtElk_treatment_hippocampus_4x_16.tif,Elk,hippocampus,40665825
GtElk_treatment_hippocampus_4x_17.tif,Elk,hippocampus,42281250
GtElk_treatment_hippocampus_4x_18.tif,Elk,hippocampus,38951550
GtElk_treatment_hippocampus_4x_19.tif,Elk,hippocampus,62701425
GtElk_treatment_hippocampus_4x_20.tif,Elk,hippocampus,82953950
GtElk_treatment_hippocampus_4x_21.tif,Elk,hippocampus,104396850
GtElk_treatment_hippocampus_4x_22.tif,Elk,hippocampus,98522600
GtElk_treatment_hippocampus_4x_23.tif,Elk,hippocampus,56118650
GtElk_treatment_hippocampus_4x_24.tif,Elk,hippocampus,52534050
GtElk_treatment_hippocampus_4x_25.tif,Elk,hippocampus,35251125
GtElk_treatment_hippocampus_4x_26.tif,Elk,hippocampus,30456025
GtElk_treatment_hippocampus_4x_27.tif,Elk,hippocampus,45110850
GtElk_treatment_hippocampus_4x_28.tif,Elk,hippocampus,17662500
GtElk_treatment_hippocampus_4x_29.tif,Elk,hippocampus,29194525
GtElk_treatment_hippocampus_4x_30.tif,Elk,hippocampus,85463425
GtElk_treatment_hippocampus_4x_31.tif,Elk,hippocampus,45404900
GtElk_treatment_hippocampus_4x_32.tif,Elk,hippocampus,26115650
GtElk_treatment_hippocampus_4x_33.tif,Elk,hippocampus,55966150
GtElk_treatment_hippocampus_4x_34.tif,Elk,hippocampus,63642950
GtElk_treatment_hippocampus_4x_35.tif,Elk,hippocampus,60095000
GtElk_treatment_midbrain_4x_01.tif,Elk,midbrain,59697525
GtElk_treatment_midbrain_4x_02.tif,Elk,midbrain,60110925
GtElk_treatment_midbrain_4x_03.tif,Elk,midbrain,70356575
GtElk_treatment_midbrain_4x_04.tif,Elk,midbrain,60770075
GtElk_treatment_midbrain_4x_05.tif,Elk,midbrain,35527775
GtElk_treatment_midbrain_4x_06.tif,Elk,midbrain,73340425
GtElk_treatment_midbrain_4x_07.tif,Elk,midbrain,25467750
GtElk_treatment_midbrain_4x_08.tif,Elk,midbrain,67330550
GtElk_treatment_midbrain_4x_09.tif,Elk,midbrain,67011175
GtElk_treatment_midbrain_4x_10.tif,Elk,midbrain,73303875
GtElk_treatment_midbrain_4x_11.tif,Elk,midbrain,64573350
GtElk_treatment_midbrain_4x_12.tif,Elk,midbrain,15410025
GtElk_treatment_midbrain_4x_13.tif,Elk,midbrain,41948825
GtElk_treatment_midbrain_4x_14.tif,Elk,midbrain,27535750
GtElk_treatment_midbrain_4x_15.tif,Elk,midbrain,31929975
GtElk_treatment_midbrain_4x_16.tif,Elk,midbrain,38745725
GtElk_treatment_midbrain_4x_17.tif,Elk,midbrain,42397100
GtElk_treatment_midbrain_4x_18.tif,Elk,midbrain,41258300
GtElk_treatment_midbrain_4x_19.tif,Elk,midbrain,30971900
GtElk_treatment_midbrain_4x_20.tif,Elk,midbrain,46244225
GtElk_treatment_midbrain_4x_21.tif,Elk,midbrain,76323650
GtElk_treatment_midbrain_4x_22.tif,Elk,midbrain,89602425
GtElk_treatment_midbrain_4x_23.tif,Elk,midbrain,94968075
GtElk_treatment_midbrain_4x_24.tif,Elk,midbrain,58550550
GtElk_treatment_midbrain_4x_25.tif,Elk,midbrain,60088825
GtElk_treatment_midbrain_4x_26.tif,Elk,midbrain,36148350
GtElk_treatment_midbrain_4x_27.tif,Elk,midbrain,49192900
GtElk_treatment_midbrain_4x_28.tif,Elk,midbrain,16095600
GtElk_treatment_midbrain_4x_29.tif,Elk,midbrain,88138575
GtElk_treatment_midbrain_4x_30.tif,Elk,midbrain,79342500
GtElk_treatment_midbrain_4x_31.tif,Elk,midbrain,49118750
GtElk_treatment_midbrain_4x_32.tif,Elk,midbrain,73078950
GtElk_treatment_midbrain_4x_33.tif,Elk,midbrain,72622200
GtElk_treatment_midbrain_4x_34.tif,Elk,midbrain,56276100
GtElk_treatment_midbrain_4x_35.tif,Elk,midbrain,54512725
GtElk_treatment_midbrain_4x_36.tif,Elk,midbrain,61897700
GtElk_treatment_midbrain_4x_37.tif,Elk,midbrain,47590950
GtElk_treatment_septum_4x_01.tif,Elk,septum,26319725
GtElk_treatment_septum_4x_02.tif,Elk,septum,36222800
GtElk_treatment_septum_4x_03.tif,Elk,septum,44419425
GtElk_treatment_septum_4x_04.tif,Elk,septum,38163050
GtElk_treatment_septum_4x_05.tif,Elk,septum,31852875
GtElk_treatment_septum_4x_06.tif,Elk,septum,43100050
GtElk_treatment_septum_4x_07.tif,Elk,septum,12154500
GtElk_treatment_septum_4x_08.tif,Elk,septum,30688500
GtElk_treatment_septum_4x_09.tif,Elk,septum,35550150
GtElk_treatment_septum_4x_10.tif,Elk,septum,34722875
GtElk_treatment_septum_4x_11.tif,Elk,septum,39641375
GtElk_treatment_septum_4x_12.tif,Elk,septum,26983100
GtElk_treatment_septum_4x_13.tif,Elk,septum,20421250
GtElk_treatment_septum_4x_14.tif,Elk,septum,22841875
GtElk_treatment_septum_4x_15.tif,Elk,septum,16089350
GtElk_treatment_septum_4x_16.tif,Elk,septum,23194375
GtElk_treatment_septum_4x_17.tif,Elk,septum,16294425
GtElk_treatment_septum_4x_18.tif,Elk,septum,37881000
GtElk_treatment_septum_4x_19.tif,Elk,septum,51892575
GtElk_treatment_septum_4x_20.tif,Elk,septum,45916300
GtElk_treatment_septum_4x_21.tif,Elk,septum,72356650
GtElk_treatment_septum_4x_22.tif,Elk,septum,67187825
GtElk_treatment_septum_4x_23.tif,Elk,septum,28022275
GtElk_treatment_septum_4x_24.tif,Elk,septum,28092150
GtElk_treatment_septum_4x_25.tif,Elk,septum,35126150
GtElk_treatment_septum_4x_26.tif,Elk,septum,13460175
GtElk_treatment_septum_4x_27.tif,Elk,septum,53406275
GtElk_treatment_septum_4x_28.tif,Elk,septum,39236875
GtElk_treatment_septum_4x_29.tif,Elk,septum,40626900
GtElk_treatment_septum_4x_30.tif,Elk,septum,49794500
GtElk_treatment_septum_4x_31.tif,Elk,septum,41377250
GtElk_treatment_septum_4x_32.tif,Elk,septum,62683350
GtElk_treatment_septum_4x_33.tif,Elk,septum,41073650
GtElk_treatment_septum_4x_34.tif,Elk,septum,41660175
GtElk_treatment_septum_4x_35.tif,Elk,septum,47289000
GtElk_treatment_septum_4x_36.tif,Elk,septum,40935350
GtElk_treatment_septum_4x_37.tif,Elk,septum,49681850
GtDeer_treatment_cerebellum_4x_01.tif,Deer,cerebellum,35988475
GtDeer_treatment_cerebellum_4x_02.tif,Deer,cerebellum,38204700
GtDeer_treatment_cerebellum_4x_03.tif,Deer,cerebellum,62316950
GtDeer_treatment_cerebellum_4x_04.tif,Deer,cerebellum,36124800
GtDeer_treatment_cerebellum_4x_05.tif,Deer,cerebellum,32546125
GtDeer_treatment_cerebellum_4x_06.tif,Deer,cerebellum,61669275
GtDeer_treatment_cerebellum_4x_07.tif,Deer,cerebellum,49378825
GtDeer_treatment_cerebellum_4x_08.tif,Deer,cerebellum,45537300
GtDeer_treatment_cerebellum_4x_09.tif,Deer,cerebellum,44040650
GtDeer_treatment_cerebellum_4x_10.tif,Deer,cerebellum,40232500
GtDeer_treatment_cerebellum_4x_100.tif,Deer,cerebellum,45583425
GtDeer_treatment_cerebellum_4x_101.tif,Deer,cerebellum,29715775
GtDeer_treatment_cerebellum_4x_102.tif,Deer,cerebellum,36083425
GtDeer_treatment_cerebellum_4x_103.tif,Deer,cerebellum,50562175
GtDeer_treatment_cerebellum_4x_104.tif,Deer,cerebellum,44571450
GtDeer_treatment_cerebellum_4x_105.tif,Deer,cerebellum,44124775
GtDeer_treatment_cerebellum_4x_106.tif,Deer,cerebellum,51825725
GtDeer_treatment_cerebellum_4x_107.tif,Deer,cerebellum,32549700
GtDeer_treatment_cerebellum_4x_108.tif,Deer,cerebellum,34356250
GtDeer_treatment_cerebellum_4x_109.tif,Deer,cerebellum,42487475
GtDeer_treatment_cerebellum_4x_11.tif,Deer,cerebellum,35845075
GtDeer_treatment_cerebellum_4x_110.tif,Deer,cerebellum,45100225
GtDeer_treatment_cerebellum_4x_111.tif,Deer,cerebellum,40022400
GtDeer_treatment_cerebellum_4x_112.tif,Deer,cerebellum,31301725
GtDeer_treatment_cerebellum_4x_113.tif,Deer,cerebellum,31393875
GtDeer_treatment_cerebellum_4x_114.tif,Deer,cerebellum,32866275
GtDeer_treatment_cerebellum_4x_115.tif,Deer,cerebellum,44249525
GtDeer_treatment_cerebellum_4x_116.tif,Deer,cerebellum,40803550
GtDeer_treatment_cerebellum_4x_117.tif,Deer,cerebellum,43707350
GtDeer_treatment_cerebellum_4x_118.tif,Deer,cerebellum,34844850
GtDeer_treatment_cerebellum_4x_119.tif,Deer,cerebellum,36213700
GtDeer_treatment_cerebellum_4x_12.tif,Deer,cerebellum,33405075
GtDeer_treatment_cerebellum_4x_120.tif,Deer,cerebellum,49210750
GtDeer_treatment_cerebellum_4x_121.tif,Deer,cerebellum,46086575
GtDeer_treatment_cerebellum_4x_122.tif,Deer,cerebellum,47411975
GtDeer_treatment_cerebellum_4x_123.tif,Deer,cerebellum,44510175
GtDeer_treatment_cerebellum_4x_124.tif,Deer,cerebellum,62015600
GtDeer_treatment_cerebellum_4x_125.tif,Deer,cerebellum,50993025
GtDeer_treatment_cerebellum_4x_126.tif,Deer,cerebellum,39770650
GtDeer_treatment_cerebellum_4x_13.tif,Deer,cerebellum,32125200
GtDeer_treatment_cerebellum_4x_14.tif,Deer,cerebellum,23787075
GtDeer_treatment_cerebellum_4x_15.tif,Deer,cerebellum,97292725
GtDeer_treatment_cerebellum_4x_16.tif,Deer,cerebellum,32597900
GtDeer_treatment_cerebellum_4x_17.tif,Deer,cerebellum,29503575
GtDeer_treatment_cerebellum_4x_18.tif,Deer,cerebellum,33138000
GtDeer_treatment_cerebellum_4x_19.tif,Deer,cerebellum,29353050
GtDeer_treatment_cerebellum_4x_20.tif,Deer,cerebellum,21496675
GtDeer_treatment_cerebellum_4x_21.tif,Deer,cerebellum,33758425
GtDeer_treatment_cerebellum_4x_22.tif,Deer,cerebellum,22616850
GtDeer_treatment_cerebellum_4x_23.tif,Deer,cerebellum,26089100
GtDeer_treatment_cerebellum_4x_24.tif,Deer,cerebellum,32937225
GtDeer_treatment_cerebellum_4x_25.tif,Deer,cerebellum,21084175
GtDeer_treatment_cerebellum_4x_26.tif,Deer,cerebellum,36434300
GtDeer_treatment_cerebellum_4x_27.tif,Deer,cerebellum,53121075
GtDeer_treatment_cerebellum_4x_28.tif,Deer,cerebellum,53291050
GtDeer_treatment_cerebellum_4x_29.tif,Deer,cerebellum,21643925
GtDeer_treatment_cerebellum_4x_30.tif,Deer,cerebellum,22852500
GtDeer_treatment_cerebellum_4x_31.tif,Deer,cerebellum,23017400
GtDeer_treatment_cerebellum_4x_32.tif,Deer,cerebellum,42998850
GtDeer_treatment_cerebellum_4x_33.tif,Deer,cerebellum,30362850
GtDeer_treatment_cerebellum_4x_34.tif,Deer,cerebellum,43629600
GtDeer_treatment_cerebellum_4x_35.tif,Deer,cerebellum,16172450
GtDeer_treatment_cerebellum_4x_36.tif,Deer,cerebellum,43605925
GtDeer_treatment_cerebellum_4x_37.tif,Deer,cerebellum,30749550
GtDeer_treatment_cerebellum_4x_38.tif,Deer,cerebellum,32373050
GtDeer_treatment_cerebellum_4x_39.tif,Deer,cerebellum,19577500
GtDeer_treatment_cerebellum_4x_40.tif,Deer,cerebellum,27672075
GtDeer_treatment_cerebellum_4x_41.tif,Deer,cerebellum,21494850
GtDeer_treatment_cerebellum_4x_42.tif,Deer,cerebellum,298546450
GtDeer_treatment_cerebellum_4x_43.tif,Deer,cerebellum,43285350
GtDeer_treatment_cerebellum_4x_44.tif,Deer,cerebellum,29914425
GtDeer_treatment_cerebellum_4x_45.tif,Deer,cerebellum,36751600
GtDeer_treatment_cerebellum_4x_46.tif,Deer,cerebellum,68054850
GtDeer_treatment_cerebellum_4x_47.tif,Deer,cerebellum,36511200
GtDeer_treatment_cerebellum_4x_48.tif,Deer,cerebellum,94494400
GtDeer_treatment_cerebellum_4x_49.tif,Deer,cerebellum,130240700
GtDeer_treatment_cerebellum_4x_50.tif,Deer,cerebellum,37342750
GtDeer_treatment_cerebellum_4x_51.tif,Deer,cerebellum,59708275
GtDeer_treatment_cerebellum_4x_52.tif,Deer,cerebellum,57241125
GtDeer_treatment_cerebellum_4x_53.tif,Deer,cerebellum,58076050
GtDeer_treatment_cerebellum_4x_54.tif,Deer,cerebellum,30452150
GtDeer_treatment_cerebellum_4x_55.tif,Deer,cerebellum,33549750
GtDeer_treatment_cerebellum_4x_56.tif,Deer,cerebellum,9873400
GtDeer_treatment_cerebellum_4x_57.tif,Deer,cerebellum,11884500
GtDeer_treatment_cerebellum_4x_58.tif,Deer,cerebellum,30461975
GtDeer_treatment_cerebellum_4x_59.tif,Deer,cerebellum,29967875
GtDeer_treatment_cerebellum_4x_60.tif,Deer,cerebellum,71097400
GtDeer_treatment_cerebellum_4x_61.tif,Deer,cerebellum,40798350
GtDeer_treatment_cerebellum_4x_62.tif,Deer,cerebellum,29605275
GtDeer_treatment_cerebellum_4x_63.tif,Deer,cerebellum,41466350
GtDeer_treatment_cerebellum_4x_64.tif,Deer,cerebellum,27141250
GtDeer_treatment_cerebellum_4x_65.tif,Deer,cerebellum,23780300
GtDeer_treatment_cerebellum_4x_66.tif,Deer,cerebellum,58335225
GtDeer_treatment_cerebellum_4x_67.tif,Deer,cerebellum,32526175
GtDeer_treatment_cerebellum_4x_68.tif,Deer,cerebellum,49084000
GtDeer_treatment_cerebellum_4x_69.tif,Deer,cerebellum,26898775
GtDeer_treatment_cerebellum_4x_70.tif,Deer,cerebellum,15783000
GtDeer_treatment_cerebellum_4x_71.tif,Deer,cerebellum,58670000
GtDeer_treatment_cerebellum_4x_72.tif,Deer,cerebellum,55671675
GtDeer_treatment_cerebellum_4x_73.tif,Deer,cerebellum,40450725
GtDeer_treatment_cerebellum_4x_74.tif,Deer,cerebellum,33115950
GtDeer_treatment_cerebellum_4x_75.tif,Deer,cerebellum,41721900
GtDeer_treatment_cerebellum_4x_76.tif,Deer,cerebellum,60673875
GtDeer_treatment_cerebellum_4x_77.tif,Deer,cerebellum,53682075
GtDeer_treatment_cerebellum_4x_78.tif,Deer,cerebellum,38458800
GtDeer_treatment_cerebellum_4x_79.tif,Deer,cerebellum,23598850
GtDeer_treatment_cerebellum_4x_80.tif,Deer,cerebellum,41376850
GtDeer_treatment_cerebellum_4x_81.tif,Deer,cerebellum,58893675
GtDeer_treatment_cerebellum_4x_82.tif,Deer,cerebellum,42038025
GtDeer_treatment_cerebellum_4x_83.tif,Deer,cerebellum,60246125
GtDeer_treatment_cerebellum_4x_84.tif,Deer,cerebellum,80227225
GtDeer_treatment_cerebellum_4x_85.tif,Deer,cerebellum,28502550
GtDeer_treatment_cerebellum_4x_86.tif,Deer,cerebellum,38594625
GtDeer_treatment_cerebellum_4x_87.tif,Deer,cerebellum,36539775
GtDeer_treatment_cerebellum_4x_88.tif,Deer,cerebellum,32285750
GtDeer_treatment_cerebellum_4x_89.tif,Deer,cerebellum,23248875
GtDeer_treatment_cerebellum_4x_90.tif,Deer,cerebellum,67453775
GtDeer_treatment_cerebellum_4x_91.tif,Deer,cerebellum,67839150
GtDeer_treatment_cerebellum_4x_92.tif,Deer,cerebellum,34948775
GtDeer_treatment_cerebellum_4x_93.tif,Deer,cerebellum,33257825
GtDeer_treatment_cerebellum_4x_94.tif,Deer,cerebellum,41163550
GtDeer_treatment_cerebellum_4x_95.tif,Deer,cerebellum,44640800
GtDeer_treatment_cerebellum_4x_96.tif,Deer,cerebellum,34801700
GtDeer_treatment_cerebellum_4x_97.tif,Deer,cerebellum,34749900
GtDeer_treatment_cerebellum_4x_98.tif,Deer,cerebellum,30642500
GtDeer_treatment_cerebellum_4x_99.tif,Deer,cerebellum,35572375
GtDeer_treatment_hippocampus_4x_01.tif,Deer,hippocampus,36784875
GtDeer_treatment_hippocampus_4x_02.tif,Deer,hippocampus,42059000
GtDeer_treatment_hippocampus_4x_03.tif,Deer,hippocampus,40868125
GtDeer_treatment_hippocampus_4x_04.tif,Deer,hippocampus,29295675
GtDeer_treatment_hippocampus_4x_05.tif,Deer,hippocampus,29652175
GtDeer_treatment_hippocampus_4x_06.tif,Deer,hippocampus,46824725
GtDeer_treatment_hippocampus_4x_07.tif,Deer,hippocampus,37782875
GtDeer_treatment_hippocampus_4x_08.tif,Deer,hippocampus,74231400
GtDeer_treatment_hippocampus_4x_09.tif,Deer,hippocampus,70417225
GtDeer_treatment_hippocampus_4x_10.tif,Deer,hippocampus,39395975
GtDeer_treatment_hippocampus_4x_11.tif,Deer,hippocampus,99381475
GtDeer_treatment_hippocampus_4x_12.tif,Deer,hippocampus,55913375
GtDeer_treatment_hippocampus_4x_13.tif,Deer,hippocampus,39602975
GtDeer_treatment_hippocampus_4x_14.tif,Deer,hippocampus,38595725
GtDeer_treatment_hippocampus_4x_15.tif,Deer,hippocampus,68026800
GtDeer_treatment_hippocampus_4x_16.tif,Deer,hippocampus,38005300
GtDeer_treatment_hippocampus_4x_17.tif,Deer,hippocampus,75384400
GtDeer_treatment_hippocampus_4x_18.tif,Deer,hippocampus,65190825
GtDeer_treatment_hippocampus_4x_19.tif,Deer,hippocampus,68015000
GtDeer_treatment_hippocampus_4x_20.tif,Deer,hippocampus,33721275
GtDeer_treatment_hippocampus_4x_21.tif,Deer,hippocampus,38274975
GtDeer_treatment_hippocampus_4x_22.tif,Deer,hippocampus,54117750
GtDeer_treatment_hippocampus_4x_23.tif,Deer,hippocampus,44618650
GtDeer_treatment_hippocampus_4x_24.tif,Deer,hippocampus,62491000
GtDeer_treatment_hippocampus_4x_25.tif,Deer,hippocampus,48418025
GtDeer_treatment_hippocampus_4x_26.tif,Deer,hippocampus,31939000
GtDeer_treatment_hippocampus_4x_27.tif,Deer,hippocampus,31205000
GtDeer_treatment_hippocampus_4x_28.tif,Deer,hippocampus,40310650
GtDeer_treatment_hippocampus_4x_29.tif,Deer,hippocampus,312270225
GtDeer_treatment_hippocampus_4x_30.tif,Deer,hippocampus,68106975
GtDeer_treatment_hippocampus_4x_31.tif,Deer,hippocampus,312710300
GtDeer_treatment_hippocampus_4x_32.tif,Deer,hippocampus,83035775
GtDeer_treatment_hippocampus_4x_33.tif,Deer,hippocampus,66926250
GtDeer_treatment_hippocampus_4x_34.tif,Deer,hippocampus,68808000
GtDeer_treatment_hippocampus_4x_35.tif,Deer,hippocampus,47185700
GtDeer_treatment_hippocampus_4x_36.tif,Deer,hippocampus,91951750
GtDeer_treatment_hippocampus_4x_37.tif,Deer,hippocampus,57677400
GtDeer_treatment_hippocampus_4x_38.tif,Deer,hippocampus,72231025
GtDeer_treatment_hippocampus_4x_39.tif,Deer,hippocampus,49245300
GtDeer_treatment_hippocampus_4x_40.tif,Deer,hippocampus,94937525
GtDeer_treatment_hippocampus_4x_41.tif,Deer,hippocampus,69697950
GtDeer_treatment_hippocampus_4x_42.tif,Deer,hippocampus,34627025
GtDeer_treatment_hippocampus_4x_43.tif,Deer,hippocampus,33914400
GtDeer_treatment_hippocampus_4x_44.tif,Deer,hippocampus,88678250
GtDeer_treatment_hippocampus_4x_45.tif,Deer,hippocampus,63236350
GtDeer_treatment_hippocampus_4x_46.tif,Deer,hippocampus,46095600
GtDeer_treatment_hippocampus_4x_47.tif,Deer,hippocampus,70317500
GtDeer_treatment_hippocampus_4x_48.tif,Deer,hippocampus,54993550
GtDeer_treatment_hippocampus_4x_49.tif,Deer,hippocampus,91270700
GtDeer_treatment_hippocampus_4x_50.tif,Deer,hippocampus,68708000
GtDeer_treatment_hippocampus_4x_51.tif,Deer,hippocampus,45040800
GtDeer_treatment_hippocampus_4x_52.tif,Deer,hippocampus,15188150
GtDeer_treatment_hippocampus_4x_53.tif,Deer,hippocampus,70740000
GtDeer_treatment_hippocampus_4x_54.tif,Deer,hippocampus,81600000
GtDeer_treatment_hippocampus_4x_55.tif,Deer,hippocampus,39000000
GtDeer_treatment_hippocampus_4x_56.tif,Deer,hippocampus,68308800
GtDeer_treatment_hippocampus_4x_57.tif,Deer,hippocampus,42217500
GtDeer_treatment_hippocampus_4x_58.tif,Deer,hippocampus,91236125
GtDeer_treatment_hippocampus_4x_59.tif,Deer,hippocampus,41117175
GtDeer_treatment_hippocampus_4x_60.tif,Deer,hippocampus,36198900
GtDeer_treatment_hippocampus_4x_61.tif,Deer,hippocampus,80942325
GtDeer_treatment_hippocampus_4x_62.tif,Deer,hippocampus,109724575
GtDeer_treatment_hippocampus_4x_63.tif,Deer,hippocampus,41551125
GtDeer_treatment_hippocampus_4x_64.tif,Deer,hippocampus,33848375
GtDeer_treatment_hippocampus_4x_65.tif,Deer,hippocampus,39821650
GtDeer_treatment_hippocampus_4x_66.tif,Deer,hippocampus,42867400
GtDeer_treatment_hippocampus_4x_67.tif,Deer,hippocampus,45318200
GtDeer_treatment_hippocampus_4x_68.tif,Deer,hippocampus,42567175
GtDeer_treatment_hippocampus_4x_69.tif,Deer,hippocampus,45963175
GtDeer_treatment_hippocampus_4x_70.tif,Deer,hippocampus,66067275
GtDeer_treatment_hippocampus_4x_71.tif,Deer,hippocampus,77736250
GtDeer_treatment_hippocampus_4x_72.tif,Deer,hippocampus,49668275
GtDeer_treatment_hippocampus_4x_73.tif,Deer,hippocampus,111613150
GtDeer_treatment_hippocampus_4x_74.tif,Deer,hippocampus,39383200
GtDeer_treatment_hippocampus_4x_75.tif,Deer,hippocampus,74604450
GtDeer_treatment_hippocampus_4x_76.tif,Deer,hippocampus,41196775
GtDeer_treatment_hippocampus_4x_77.tif,Deer,hippocampus,82125075
GtDeer_treatment_hippocampus_4x_78.tif,Deer,hippocampus,94280600
GtDeer_treatment_hippocampus_4x_79.tif,Deer,hippocampus,43334675
GtDeer_treatment_hippocampus_4x_80.tif,Deer,hippocampus,53679900
GtDeer_treatment_hippocampus_4x_81.tif,Deer,hippocampus,45589850
GtDeer_treatment_hippocampus_4x_82.tif,Deer,hippocampus,41501150
GtDeer_treatment_hippocampus_4x_83.tif,Deer,hippocampus,45160550
GtDeer_treatment_hippocampus_4x_84.tif,Deer,hippocampus,49943100
GtDeer_treatment_hippocampus_4x_85.tif,Deer,hippocampus,40574800
GtDeer_treatment_hippocampus_4x_86.tif,Deer,hippocampus,81959700
GtDeer_treatment_hippocampus_4x_87.tif,Deer,hippocampus,71149000
GtDeer_treatment_midbrain_4x_01.tif,Deer,midbrain,37083400
GtDeer_treatment_midbrain_4x_02.tif,Deer,midbrain,47992500
GtDeer_treatment_midbrain_4x_03.tif,Deer,midbrain,40195575
GtDeer_treatment_midbrain_4x_04.tif,Deer,midbrain,25826000
GtDeer_treatment_midbrain_4x_05.tif,Deer,midbrain,28334750
GtDeer_treatment_midbrain_4x_06.tif,Deer,midbrain,18820325
GtDeer_treatment_midbrain_4x_07.tif,Deer,midbrain,35234525
GtDeer_treatment_midbrain_4x_08.tif,Deer,midbrain,69635725
GtDeer_treatment_midbrain_4x_09.tif,Deer,midbrain,39217150
GtDeer_treatment_midbrain_4x_10.tif,Deer,midbrain,50685575
GtDeer_treatment_midbrain_4x_11.tif,Deer,midbrain,62535825
GtDeer_treatment_midbrain_4x_12.tif,Deer,midbrain,37365300
GtDeer_treatment_midbrain_4x_13.tif,Deer,midbrain,74744100
GtDeer_treatment_midbrain_4x_14.tif,Deer,midbrain,37791950
GtDeer_treatment_midbrain_4x_15.tif,Deer,midbrain,62322975
GtDeer_treatment_midbrain_4x_16.tif,Deer,midbrain,76918600
GtDeer_treatment_midbrain_4x_17.tif,Deer,midbrain,88966125
GtDeer_treatment_midbrain_4x_18.tif,Deer,midbrain,40864300
GtDeer_treatment_midbrain_4x_19.tif,Deer,midbrain,41445875
GtDeer_treatment_midbrain_4x_20.tif,Deer,midbrain,50303475
GtDeer_treatment_midbrain_4x_21.tif,Deer,midbrain,53020700
GtDeer_treatment_midbrain_4x_22.tif,Deer,midbrain,54982900
GtDeer_treatment_midbrain_4x_23.tif,Deer,midbrain,30243600
GtDeer_treatment_midbrain_4x_24.tif,Deer,midbrain,35891675
GtDeer_treatment_midbrain_4x_25.tif,Deer,midbrain,75902825
GtDeer_treatment_midbrain_4x_26.tif,Deer,midbrain,87293850
GtDeer_treatment_midbrain_4x_27.tif,Deer,midbrain,70964775
GtDeer_treatment_midbrain_4x_28.tif,Deer,midbrain,43876000
GtDeer_treatment_midbrain_4x_29.tif,Deer,midbrain,91897800
GtDeer_treatment_midbrain_4x_30.tif,Deer,midbrain,68668450
GtDeer_treatment_midbrain_4x_31.tif,Deer,midbrain,79839900
GtDeer_treatment_midbrain_4x_32.tif,Deer,midbrain,53602850
GtDeer_treatment_midbrain_4x_33.tif,Deer,midbrain,85247800
GtDeer_treatment_midbrain_4x_34.tif,Deer,midbrain,68128450
GtDeer_treatment_midbrain_4x_35.tif,Deer,midbrain,39849375
GtDeer_treatment_midbrain_4x_36.tif,Deer,midbrain,95354100
GtDeer_treatment_midbrain_4x_37.tif,Deer,midbrain,30030000
GtDeer_treatment_midbrain_4x_38.tif,Deer,midbrain,88859575
GtDeer_treatment_midbrain_4x_39.tif,Deer,midbrain,33651450
GtDeer_treatment_midbrain_4x_40.tif,Deer,midbrain,71198200
GtDeer_treatment_midbrain_4x_41.tif,Deer,midbrain,64868525
GtDeer_treatment_midbrain_4x_42.tif,Deer,midbrain,36284750
GtDeer_treatment_midbrain_4x_43.tif,Deer,midbrain,82230750
GtDeer_treatment_midbrain_4x_44.tif,Deer,midbrain,87164250
GtDeer_treatment_midbrain_4x_45.tif,Deer,midbrain,77362300
GtDeer_treatment_midbrain_4x_46.tif,Deer,midbrain,40259025
GtDeer_treatment_midbrain_4x_47.tif,Deer,midbrain,71878125
GtDeer_treatment_midbrain_4x_48.tif,Deer,midbrain,93050650
GtDeer_treatment_midbrain_4x_49.tif,Deer,midbrain,35269200
GtDeer_treatment_midbrain_4x_50.tif,Deer,midbrain,39490125
GtDeer_treatment_midbrain_4x_51.tif,Deer,midbrain,77042250
GtDeer_treatment_midbrain_4x_52.tif,Deer,midbrain,95481800
GtDeer_treatment_midbrain_4x_53.tif,Deer,midbrain,34927200
GtDeer_treatment_midbrain_4x_54.tif,Deer,midbrain,31453925
GtDeer_treatment_midbrain_4x_55.tif,Deer,midbrain,38891350
GtDeer_treatment_midbrain_4x_56.tif,Deer,midbrain,35012700
GtDeer_treatment_midbrain_4x_57.tif,Deer,midbrain,51463725
GtDeer_treatment_midbrain_4x_58.tif,Deer,midbrain,44321550
GtDeer_treatment_midbrain_4x_59.tif,Deer,midbrain,38544775
GtDeer_treatment_midbrain_4x_60.tif,Deer,midbrain,76157625
GtDeer_treatment_midbrain_4x_61.tif,Deer,midbrain,75516100
GtDeer_treatment_midbrain_4x_62.tif,Deer,midbrain,42112125
GtDeer_treatment_midbrain_4x_63.tif,Deer,midbrain,90347600
GtDeer_treatment_midbrain_4x_64.tif,Deer,midbrain,42651975
GtDeer_treatment_midbrain_4x_65.tif,Deer,midbrain,68953000
GtDeer_treatment_midbrain_4x_66.tif,Deer,midbrain,38284525
GtDeer_treatment_midbrain_4x_67.tif,Deer,midbrain,69460625
GtDeer_treatment_midbrain_4x_68.tif,Deer,midbrain,83691000
GtDeer_treatment_midbrain_4x_69.tif,Deer,midbrain,42982625
GtDeer_treatment_midbrain_4x_70.tif,Deer,midbrain,69943750
GtDeer_treatment_midbrain_4x_71.tif,Deer,midbrain,43642400
GtDeer_treatment_midbrain_4x_72.tif,Deer,midbrain,37253325
GtDeer_treatment_midbrain_4x_73.tif,Deer,midbrain,39949100
GtDeer_treatment_midbrain_4x_74.tif,Deer,midbrain,56724000
GtDeer_treatment_midbrain_4x_75.tif,Deer,midbrain,39810475
GtDeer_treatment_midbrain_4x_76.tif,Deer,midbrain,78192450
GtDeer_treatment_midbrain_4x_77.tif,Deer,midbrain,110963800
GtDeer_treatment_midbrain_4x_78.tif,Deer,midbrain,79032625
GtDeer_treatment_septum_4x_01.tif,Deer,septum,32416800
GtDeer_treatment_septum_4x_02.tif,Deer,septum,25967700
GtDeer_treatment_septum_4x_03.tif,Deer,septum,37832800
GtDeer_treatment_septum_4x_04.tif,Deer,septum,41988250
GtDeer_treatment_septum_4x_05.tif,Deer,septum,44505650
GtDeer_treatment_septum_4x_06.tif,Deer,septum,39888450
GtDeer_treatment_septum_4x_07.tif,Deer,septum,24965325
GtDeer_treatment_septum_4x_08.tif,Deer,septum,20664350
GtDeer_treatment_septum_4x_09.tif,Deer,septum,47879400
GtDeer_treatment_septum_4x_10.tif,Deer,septum,30319800
GtDeer_treatment_septum_4x_11.tif,Deer,septum,57323350
GtDeer_treatment_septum_4x_12.tif,Deer,septum,44982975
GtDeer_treatment_septum_4x_13.tif,Deer,septum,20397100
GtDeer_treatment_septum_4x_14.tif,Deer,septum,71072875
GtDeer_treatment_septum_4x_15.tif,Deer,septum,31038975
GtDeer_treatment_septum_4x_16.tif,Deer,septum,28974725
GtDeer_treatment_septum_4x_17.tif,Deer,septum,54650800
GtDeer_treatment_septum_4x_18.tif,Deer,septum,23240700
GtDeer_treatment_septum_4x_19.tif,Deer,septum,45663750
GtDeer_treatment_septum_4x_20.tif,Deer,septum,39203025
GtDeer_treatment_septum_4x_21.tif,Deer,septum,56100825
GtDeer_treatment_septum_4x_22.tif,Deer,septum,25798350
GtDeer_treatment_septum_4x_23.tif,Deer,septum,20765250
GtDeer_treatment_septum_4x_24.tif,Deer,septum,23049075
GtDeer_treatment_septum_4x_25.tif,Deer,septum,32159375
GtDeer_treatment_septum_4x_26.tif,Deer,septum,40627275
GtDeer_treatment_septum_4x_27.tif,Deer,septum,34068975
GtDeer_treatment_septum_4x_28.tif,Deer,septum,21169725
GtDeer_treatment_septum_4x_29.tif,Deer,septum,23414325
GtDeer_treatment_septum_4x_30.tif,Deer,septum,37310150
GtDeer_treatment_septum_4x_31.tif,Deer,septum,33312975
GtDeer_treatment_septum_4x_32.tif,Deer,septum,34137525
GtDeer_treatment_septum_4x_33.tif,Deer,septum,27190600
GtDeer_treatment_septum_4x_34.tif,Deer,septum,35599200
GtDeer_treatment_septum_4x_35.tif,Deer,septum,14916550
GtDeer_treatment_septum_4x_36.tif,Deer,septum,57692800
GtDeer_treatment_septum_4x_37.tif,Deer,septum,45997375
GtDeer_treatment_septum_4x_38.tif,Deer,septum,22532575
GtDeer_treatment_septum_4x_39.tif,Deer,septum,27426750
GtDeer_treatment_septum_4x_40.tif,Deer,septum,54491750
GtDeer_treatment_septum_4x_41.tif,Deer,septum,42582425
GtDeer_treatment_septum_4x_42.tif,Deer,septum,47909850
GtDeer_treatment_septum_4x_43.tif,Deer,septum,45623575
GtDeer_treatment_septum_4x_44.tif,Deer,septum,71060075
GtDeer_treatment_septum_4x_45.tif,Deer,septum,42639000
GtDeer_treatment_septum_4x_46.tif,Deer,septum,45662200
GtDeer_treatment_septum_4x_47.tif,Deer,septum,22998275
GtDeer_treatment_septum_4x_48.tif,Deer,septum,48096225
GtDeer_treatment_septum_4x_49.tif,Deer,septum,46271650
GtDeer_treatment_septum_4x_50.tif,Deer,septum,66164000
GtDeer_treatment_septum_4x_51.tif,Deer,septum,52995800
GtDeer_treatment_septum_4x_52.tif,Deer,septum,34032200
GtDeer_treatment_septum_4x_53.tif,Deer,septum,34336075
GtDeer_treatment_septum_4x_54.tif,Deer,septum,59781600
GtDeer_treatment_septum_4x_55.tif,Deer,septum,48605050
GtDeer_treatment_septum_4x_56.tif,Deer,septum,33731275
GtDeer_treatment_septum_4x_57.tif,Deer,septum,38377500
GtDeer_treatment_septum_4x_58.tif,Deer,septum,31312575
GtDeer_treatment_septum_4x_59.tif,Deer,septum,59808600
GtDeer_treatment_septum_4x_60.tif,Deer,septum,34948200
GtDeer_treatment_septum_4x_61.tif,Deer,septum,29688750
GtDeer_treatment_septum_4x_62.tif,Deer,septum,51425825
GtDeer_treatment_septum_4x_63.tif,Deer,septum,69176625
GtDeer_treatment_septum_4x_64.tif,Deer,septum,31168150
GtDeer_treatment_septum_4x_65.tif,Deer,septum,29130500
GtDeer_treatment_septum_4x_66.tif,Deer,septum,28639700
GtDeer_treatment_septum_4x_67.tif,Deer,septum,29581200
GtDeer_treatment_septum_4x_68.tif,Deer,septum,36553625
GtDeer_treatment_septum_4x_69.tif,Deer,septum,30639500
GtDeer_treatment_septum_4x_70.tif,Deer,septum,36455525
GtDeer_treatment_septum_4x_71.tif,Deer,septum,45803850
GtDeer_treatment_septum_4x_72.tif,Deer,septum,53231150
GtDeer_treatment_septum_4x_73.tif,Deer,septum,32019750
GtDeer_treatment_septum_4x_74.tif,Deer,septum,55712075
GtDeer_treatment_septum_4x_75.tif,Deer,septum,29631000
GtDeer_treatment_septum_4x_76.tif,Deer,septum,34226425
GtDeer_treatment_septum_4x_77.tif,Deer,septum,32572800
GtDeer_treatment_septum_4x_78.tif,Deer,septum,39065800
GtDeer_treatment_septum_4x_79.tif,Deer,septum,65543150
GtDeer_treatment_septum_4x_80.tif,Deer,septum,34525000
GtDeer_treatment_septum_4x_81.tif,Deer,septum,47049425
GtDeer_treatment_septum_4x_82.tif,Deer,septum,31608675
GtDeer_treatment_septum_4x_83.tif,Deer,septum,29986700
GtDeer_treatment_septum_4x_84.tif,Deer,septum,30432475
GtDeer_treatment_septum_4x_85.tif,Deer,septum,37993475
GtDeer_treatment_septum_4x_86.tif,Deer,septum,35343000
GtDeer_treatment_septum_4x_87.tif,Deer,septum,48518075
GtDeer_treatment_septum_4x_88.tif,Deer,septum,48648525
GtDeer_treatment_septum_4x_89.tif,Deer,septum,39369225
